Müşteri_Seviye_Belirleme,Ortalama_Kredi_Limiti,Müşteri_Segmenti
$120K +_Blue_College_30 ve altı_F,8631.953698034955,D
$120K +_Blue_College_30 ve altı_M,8631.953698034955,D
$120K +_Blue_College_31-40_F,8631.953698034955,D
$120K +_Blue_College_31-40_M,13928.333333333334,C
$120K +_Blue_College_41-50_F,8631.953698034955,D
$120K +_Blue_College_41-50_M,15802.831818181818,C
$120K +_Blue_College_51-60_F,8631.953698034955,D
$120K +_Blue_College_51-60_M,16096.9375,C
$120K +_Blue_College_60 üzeri_F,8631.953698034955,D
$120K +_Blue_College_60 üzeri_M,8631.953698034955,D
$120K +_Blue_Doctorate_30 ve altı_F,8631.953698034955,D
$120K +_Blue_Doctorate_30 ve altı_M,8631.953698034955,D
$120K +_Blue_Doctorate_31-40_F,8631.953698034955,D
$120K +_Blue_Doctorate_31-40_M,18500.0,B
$120K +_Blue_Doctorate_41-50_F,8631.953698034955,D
$120K +_Blue_Doctorate_41-50_M,15480.823529411764,C
$120K +_Blue_Doctorate_51-60_F,8631.953698034955,D
$120K +_Blue_Doctorate_51-60_M,22841.090909090908,B
$120K +_Blue_Doctorate_60 üzeri_F,8631.953698034955,D
$120K +_Blue_Doctorate_60 üzeri_M,8631.953698034955,D
$120K +_Blue_Graduate_30 ve altı_F,8631.953698034955,D
$120K +_Blue_Graduate_30 ve altı_M,13227.75,C
$120K +_Blue_Graduate_31-40_F,8631.953698034955,D
$120K +_Blue_Graduate_31-40_M,18695.35306122449,B
$120K +_Blue_Graduate_41-50_F,8631.953698034955,D
$120K +_Blue_Graduate_41-50_M,19685.254471544715,B
$120K +_Blue_Graduate_51-60_F,8631.953698034955,D
$120K +_Blue_Graduate_51-60_M,16701.619047619046,C
$120K +_Blue_Graduate_60 üzeri_F,8631.953698034955,D
$120K +_Blue_Graduate_60 üzeri_M,16846.666666666668,C
$120K +_Blue_High School_30 ve altı_F,8631.953698034955,D
$120K +_Blue_High School_30 ve altı_M,9007.0,D
$120K +_Blue_High School_31-40_F,8631.953698034955,D
$120K +_Blue_High School_31-40_M,17279.615384615383,C
$120K +_Blue_High School_41-50_F,8631.953698034955,D
$120K +_Blue_High School_41-50_M,18174.61666666667,C
$120K +_Blue_High School_51-60_F,8631.953698034955,D
$120K +_Blue_High School_51-60_M,16989.836363636365,C
$120K +_Blue_High School_60 üzeri_F,8631.953698034955,D
$120K +_Blue_High School_60 üzeri_M,8631.953698034955,D
$120K +_Blue_Post-Graduate_30 ve altı_F,8631.953698034955,D
$120K +_Blue_Post-Graduate_30 ve altı_M,8631.953698034955,D
$120K +_Blue_Post-Graduate_31-40_F,8631.953698034955,D
$120K +_Blue_Post-Graduate_31-40_M,14424.8,C
$120K +_Blue_Post-Graduate_41-50_F,8631.953698034955,D
$120K +_Blue_Post-Graduate_41-50_M,17401.92222222222,C
$120K +_Blue_Post-Graduate_51-60_F,8631.953698034955,D
$120K +_Blue_Post-Graduate_51-60_M,14806.777777777777,C
$120K +_Blue_Post-Graduate_60 üzeri_F,8631.953698034955,D
$120K +_Blue_Post-Graduate_60 üzeri_M,8631.953698034955,D
$120K +_Blue_Uneducated_30 ve altı_F,8631.953698034955,D
$120K +_Blue_Uneducated_30 ve altı_M,8631.953698034955,D
$120K +_Blue_Uneducated_31-40_F,8631.953698034955,D
$120K +_Blue_Uneducated_31-40_M,14265.521739130434,C
$120K +_Blue_Uneducated_41-50_F,8631.953698034955,D
$120K +_Blue_Uneducated_41-50_M,21124.51219512195,B
$120K +_Blue_Uneducated_51-60_F,8631.953698034955,D
$120K +_Blue_Uneducated_51-60_M,19115.090909090908,B
$120K +_Blue_Uneducated_60 üzeri_F,8631.953698034955,D
$120K +_Blue_Uneducated_60 üzeri_M,24172.0,B
$120K +_Gold_College_30 ve altı_F,8631.953698034955,D
$120K +_Gold_College_30 ve altı_M,8631.953698034955,D
$120K +_Gold_College_31-40_F,8631.953698034955,D
$120K +_Gold_College_31-40_M,34516.0,A
$120K +_Gold_College_41-50_F,8631.953698034955,D
$120K +_Gold_College_41-50_M,8631.953698034955,D
$120K +_Gold_College_51-60_F,8631.953698034955,D
$120K +_Gold_College_51-60_M,34516.0,A
$120K +_Gold_College_60 üzeri_F,8631.953698034955,D
$120K +_Gold_College_60 üzeri_M,8631.953698034955,D
$120K +_Gold_Doctorate_30 ve altı_F,8631.953698034955,D
$120K +_Gold_Doctorate_30 ve altı_M,8631.953698034955,D
$120K +_Gold_Doctorate_31-40_F,8631.953698034955,D
$120K +_Gold_Doctorate_31-40_M,8631.953698034955,D
$120K +_Gold_Doctorate_41-50_F,8631.953698034955,D
$120K +_Gold_Doctorate_41-50_M,34516.0,A
$120K +_Gold_Doctorate_51-60_F,8631.953698034955,D
$120K +_Gold_Doctorate_51-60_M,8631.953698034955,D
$120K +_Gold_Doctorate_60 üzeri_F,8631.953698034955,D
$120K +_Gold_Doctorate_60 üzeri_M,8631.953698034955,D
$120K +_Gold_Graduate_30 ve altı_F,8631.953698034955,D
$120K +_Gold_Graduate_30 ve altı_M,8631.953698034955,D
$120K +_Gold_Graduate_31-40_F,8631.953698034955,D
$120K +_Gold_Graduate_31-40_M,34516.0,A
$120K +_Gold_Graduate_41-50_F,8631.953698034955,D
$120K +_Gold_Graduate_41-50_M,34516.0,A
$120K +_Gold_Graduate_51-60_F,8631.953698034955,D
$120K +_Gold_Graduate_51-60_M,34516.0,A
$120K +_Gold_Graduate_60 üzeri_F,8631.953698034955,D
$120K +_Gold_Graduate_60 üzeri_M,8631.953698034955,D
$120K +_Gold_High School_30 ve altı_F,8631.953698034955,D
$120K +_Gold_High School_30 ve altı_M,8631.953698034955,D
$120K +_Gold_High School_31-40_F,8631.953698034955,D
$120K +_Gold_High School_31-40_M,8631.953698034955,D
$120K +_Gold_High School_41-50_F,8631.953698034955,D
$120K +_Gold_High School_41-50_M,34516.0,A
$120K +_Gold_High School_51-60_F,8631.953698034955,D
$120K +_Gold_High School_51-60_M,34516.0,A
$120K +_Gold_High School_60 üzeri_F,8631.953698034955,D
$120K +_Gold_High School_60 üzeri_M,8631.953698034955,D
$120K +_Gold_Post-Graduate_30 ve altı_F,8631.953698034955,D
$120K +_Gold_Post-Graduate_30 ve altı_M,8631.953698034955,D
$120K +_Gold_Post-Graduate_31-40_F,8631.953698034955,D
$120K +_Gold_Post-Graduate_31-40_M,8631.953698034955,D
$120K +_Gold_Post-Graduate_41-50_F,8631.953698034955,D
$120K +_Gold_Post-Graduate_41-50_M,8631.953698034955,D
$120K +_Gold_Post-Graduate_51-60_F,8631.953698034955,D
$120K +_Gold_Post-Graduate_51-60_M,8631.953698034955,D
$120K +_Gold_Post-Graduate_60 üzeri_F,8631.953698034955,D
$120K +_Gold_Post-Graduate_60 üzeri_M,8631.953698034955,D
$120K +_Gold_Uneducated_30 ve altı_F,8631.953698034955,D
$120K +_Gold_Uneducated_30 ve altı_M,8631.953698034955,D
$120K +_Gold_Uneducated_31-40_F,8631.953698034955,D
$120K +_Gold_Uneducated_31-40_M,8631.953698034955,D
$120K +_Gold_Uneducated_41-50_F,8631.953698034955,D
$120K +_Gold_Uneducated_41-50_M,14938.0,C
$120K +_Gold_Uneducated_51-60_F,8631.953698034955,D
$120K +_Gold_Uneducated_51-60_M,8631.953698034955,D
$120K +_Gold_Uneducated_60 üzeri_F,8631.953698034955,D
$120K +_Gold_Uneducated_60 üzeri_M,8631.953698034955,D
$120K +_Platinum_College_30 ve altı_F,8631.953698034955,D
$120K +_Platinum_College_30 ve altı_M,8631.953698034955,D
$120K +_Platinum_College_31-40_F,8631.953698034955,D
$120K +_Platinum_College_31-40_M,8631.953698034955,D
$120K +_Platinum_College_41-50_F,8631.953698034955,D
$120K +_Platinum_College_41-50_M,8631.953698034955,D
$120K +_Platinum_College_51-60_F,8631.953698034955,D
$120K +_Platinum_College_51-60_M,8631.953698034955,D
$120K +_Platinum_College_60 üzeri_F,8631.953698034955,D
$120K +_Platinum_College_60 üzeri_M,8631.953698034955,D
$120K +_Platinum_Doctorate_30 ve altı_F,8631.953698034955,D
$120K +_Platinum_Doctorate_30 ve altı_M,8631.953698034955,D
$120K +_Platinum_Doctorate_31-40_F,8631.953698034955,D
$120K +_Platinum_Doctorate_31-40_M,8631.953698034955,D
$120K +_Platinum_Doctorate_41-50_F,8631.953698034955,D
$120K +_Platinum_Doctorate_41-50_M,8631.953698034955,D
$120K +_Platinum_Doctorate_51-60_F,8631.953698034955,D
$120K +_Platinum_Doctorate_51-60_M,34516.0,A
$120K +_Platinum_Doctorate_60 üzeri_F,8631.953698034955,D
$120K +_Platinum_Doctorate_60 üzeri_M,8631.953698034955,D
$120K +_Platinum_Graduate_30 ve altı_F,8631.953698034955,D
$120K +_Platinum_Graduate_30 ve altı_M,8631.953698034955,D
$120K +_Platinum_Graduate_31-40_F,8631.953698034955,D
$120K +_Platinum_Graduate_31-40_M,8631.953698034955,D
$120K +_Platinum_Graduate_41-50_F,8631.953698034955,D
$120K +_Platinum_Graduate_41-50_M,34516.0,A
$120K +_Platinum_Graduate_51-60_F,8631.953698034955,D
$120K +_Platinum_Graduate_51-60_M,8631.953698034955,D
$120K +_Platinum_Graduate_60 üzeri_F,8631.953698034955,D
$120K +_Platinum_Graduate_60 üzeri_M,8631.953698034955,D
$120K +_Platinum_High School_30 ve altı_F,8631.953698034955,D
$120K +_Platinum_High School_30 ve altı_M,8631.953698034955,D
$120K +_Platinum_High School_31-40_F,8631.953698034955,D
$120K +_Platinum_High School_31-40_M,8631.953698034955,D
$120K +_Platinum_High School_41-50_F,8631.953698034955,D
$120K +_Platinum_High School_41-50_M,8631.953698034955,D
$120K +_Platinum_High School_51-60_F,8631.953698034955,D
$120K +_Platinum_High School_51-60_M,8631.953698034955,D
$120K +_Platinum_High School_60 üzeri_F,8631.953698034955,D
$120K +_Platinum_High School_60 üzeri_M,8631.953698034955,D
$120K +_Platinum_Post-Graduate_30 ve altı_F,8631.953698034955,D
$120K +_Platinum_Post-Graduate_30 ve altı_M,8631.953698034955,D
$120K +_Platinum_Post-Graduate_31-40_F,8631.953698034955,D
$120K +_Platinum_Post-Graduate_31-40_M,8631.953698034955,D
$120K +_Platinum_Post-Graduate_41-50_F,8631.953698034955,D
$120K +_Platinum_Post-Graduate_41-50_M,8631.953698034955,D
$120K +_Platinum_Post-Graduate_51-60_F,8631.953698034955,D
$120K +_Platinum_Post-Graduate_51-60_M,8631.953698034955,D
$120K +_Platinum_Post-Graduate_60 üzeri_F,8631.953698034955,D
$120K +_Platinum_Post-Graduate_60 üzeri_M,8631.953698034955,D
$120K +_Platinum_Uneducated_30 ve altı_F,8631.953698034955,D
$120K +_Platinum_Uneducated_30 ve altı_M,8631.953698034955,D
$120K +_Platinum_Uneducated_31-40_F,8631.953698034955,D
$120K +_Platinum_Uneducated_31-40_M,8631.953698034955,D
$120K +_Platinum_Uneducated_41-50_F,8631.953698034955,D
$120K +_Platinum_Uneducated_41-50_M,34516.0,A
$120K +_Platinum_Uneducated_51-60_F,8631.953698034955,D
$120K +_Platinum_Uneducated_51-60_M,8631.953698034955,D
$120K +_Platinum_Uneducated_60 üzeri_F,8631.953698034955,D
$120K +_Platinum_Uneducated_60 üzeri_M,8631.953698034955,D
$120K +_Silver_College_30 ve altı_F,8631.953698034955,D
$120K +_Silver_College_30 ve altı_M,8631.953698034955,D
$120K +_Silver_College_31-40_F,8631.953698034955,D
$120K +_Silver_College_31-40_M,8631.953698034955,D
$120K +_Silver_College_41-50_F,8631.953698034955,D
$120K +_Silver_College_41-50_M,34516.0,A
$120K +_Silver_College_51-60_F,8631.953698034955,D
$120K +_Silver_College_51-60_M,34516.0,A
$120K +_Silver_College_60 üzeri_F,8631.953698034955,D
$120K +_Silver_College_60 üzeri_M,8631.953698034955,D
$120K +_Silver_Doctorate_30 ve altı_F,8631.953698034955,D
$120K +_Silver_Doctorate_30 ve altı_M,8631.953698034955,D
$120K +_Silver_Doctorate_31-40_F,8631.953698034955,D
$120K +_Silver_Doctorate_31-40_M,8631.953698034955,D
$120K +_Silver_Doctorate_41-50_F,8631.953698034955,D
$120K +_Silver_Doctorate_41-50_M,34516.0,A
$120K +_Silver_Doctorate_51-60_F,8631.953698034955,D
$120K +_Silver_Doctorate_51-60_M,8631.953698034955,D
$120K +_Silver_Doctorate_60 üzeri_F,8631.953698034955,D
$120K +_Silver_Doctorate_60 üzeri_M,8631.953698034955,D
$120K +_Silver_Graduate_30 ve altı_F,8631.953698034955,D
$120K +_Silver_Graduate_30 ve altı_M,8631.953698034955,D
$120K +_Silver_Graduate_31-40_F,8631.953698034955,D
$120K +_Silver_Graduate_31-40_M,34516.0,A
$120K +_Silver_Graduate_41-50_F,8631.953698034955,D
$120K +_Silver_Graduate_41-50_M,34516.0,A
$120K +_Silver_Graduate_51-60_F,8631.953698034955,D
$120K +_Silver_Graduate_51-60_M,34516.0,A
$120K +_Silver_Graduate_60 üzeri_F,8631.953698034955,D
$120K +_Silver_Graduate_60 üzeri_M,8631.953698034955,D
$120K +_Silver_High School_30 ve altı_F,8631.953698034955,D
$120K +_Silver_High School_30 ve altı_M,8631.953698034955,D
$120K +_Silver_High School_31-40_F,8631.953698034955,D
$120K +_Silver_High School_31-40_M,34516.0,A
$120K +_Silver_High School_41-50_F,8631.953698034955,D
$120K +_Silver_High School_41-50_M,30600.4,A
$120K +_Silver_High School_51-60_F,8631.953698034955,D
$120K +_Silver_High School_51-60_M,34516.0,A
$120K +_Silver_High School_60 üzeri_F,8631.953698034955,D
$120K +_Silver_High School_60 üzeri_M,8631.953698034955,D
$120K +_Silver_Post-Graduate_30 ve altı_F,8631.953698034955,D
$120K +_Silver_Post-Graduate_30 ve altı_M,8631.953698034955,D
$120K +_Silver_Post-Graduate_31-40_F,8631.953698034955,D
$120K +_Silver_Post-Graduate_31-40_M,8631.953698034955,D
$120K +_Silver_Post-Graduate_41-50_F,8631.953698034955,D
$120K +_Silver_Post-Graduate_41-50_M,34516.0,A
$120K +_Silver_Post-Graduate_51-60_F,8631.953698034955,D
$120K +_Silver_Post-Graduate_51-60_M,34516.0,A
$120K +_Silver_Post-Graduate_60 üzeri_F,8631.953698034955,D
$120K +_Silver_Post-Graduate_60 üzeri_M,8631.953698034955,D
$120K +_Silver_Uneducated_30 ve altı_F,8631.953698034955,D
$120K +_Silver_Uneducated_30 ve altı_M,8631.953698034955,D
$120K +_Silver_Uneducated_31-40_F,8631.953698034955,D
$120K +_Silver_Uneducated_31-40_M,34516.0,A
$120K +_Silver_Uneducated_41-50_F,8631.953698034955,D
$120K +_Silver_Uneducated_41-50_M,34516.0,A
$120K +_Silver_Uneducated_51-60_F,8631.953698034955,D
$120K +_Silver_Uneducated_51-60_M,34516.0,A
$120K +_Silver_Uneducated_60 üzeri_F,8631.953698034955,D
$120K +_Silver_Uneducated_60 üzeri_M,8631.953698034955,D
$40K - $60K_Blue_College_30 ve altı_F,2010.0,D
$40K - $60K_Blue_College_30 ve altı_M,2769.0499999999997,D
$40K - $60K_Blue_College_31-40_F,4291.330434782609,D
$40K - $60K_Blue_College_31-40_M,5497.5,D
$40K - $60K_Blue_College_41-50_F,4218.140909090909,D
$40K - $60K_Blue_College_41-50_M,5308.773529411765,D
$40K - $60K_Blue_College_51-60_F,3487.8166666666666,D
$40K - $60K_Blue_College_51-60_M,4705.222222222223,D
$40K - $60K_Blue_College_60 üzeri_F,2659.075,D
$40K - $60K_Blue_College_60 üzeri_M,4092.433333333333,D
$40K - $60K_Blue_Doctorate_30 ve altı_F,8631.953698034955,D
$40K - $60K_Blue_Doctorate_30 ve altı_M,8631.953698034955,D
$40K - $60K_Blue_Doctorate_31-40_F,2902.0,D
$40K - $60K_Blue_Doctorate_31-40_M,5787.142857142857,D
$40K - $60K_Blue_Doctorate_41-50_F,3719.5449999999996,D
$40K - $60K_Blue_Doctorate_41-50_M,3356.9636363636364,D
$40K - $60K_Blue_Doctorate_51-60_F,2976.5,D
$40K - $60K_Blue_Doctorate_51-60_M,4733.0,D
$40K - $60K_Blue_Doctorate_60 üzeri_F,6269.0,D
$40K - $60K_Blue_Doctorate_60 üzeri_M,3865.0,D
$40K - $60K_Blue_Graduate_30 ve altı_F,3291.7571428571428,D
$40K - $60K_Blue_Graduate_30 ve altı_M,5127.0,D
$40K - $60K_Blue_Graduate_31-40_F,4105.055056179775,D
$40K - $60K_Blue_Graduate_31-40_M,5906.35294117647,D
$40K - $60K_Blue_Graduate_41-50_F,4304.743216080402,D
$40K - $60K_Blue_Graduate_41-50_M,5632.125352112676,D
$40K - $60K_Blue_Graduate_51-60_F,4086.903649635037,D
$40K - $60K_Blue_Graduate_51-60_M,4969.090740740741,D
$40K - $60K_Blue_Graduate_60 üzeri_F,4529.664705882353,D
$40K - $60K_Blue_Graduate_60 üzeri_M,5412.409523809524,D
$40K - $60K_Blue_High School_30 ve altı_F,2941.0,D
$40K - $60K_Blue_High School_30 ve altı_M,2845.1857142857143,D
$40K - $60K_Blue_High School_31-40_F,3448.7051282051284,D
$40K - $60K_Blue_High School_31-40_M,4811.741666666667,D
$40K - $60K_Blue_High School_41-50_F,4091.3045977011493,D
$40K - $60K_Blue_High School_41-50_M,4849.414035087719,D
$40K - $60K_Blue_High School_51-60_F,4361.8,D
$40K - $60K_Blue_High School_51-60_M,5377.703846153846,D
$40K - $60K_Blue_High School_60 üzeri_F,4391.936363636364,D
$40K - $60K_Blue_High School_60 üzeri_M,3357.9166666666665,D
$40K - $60K_Blue_Post-Graduate_30 ve altı_F,8631.953698034955,D
$40K - $60K_Blue_Post-Graduate_30 ve altı_M,6150.75,D
$40K - $60K_Blue_Post-Graduate_31-40_F,3625.4545454545455,D
$40K - $60K_Blue_Post-Graduate_31-40_M,5531.272727272727,D
$40K - $60K_Blue_Post-Graduate_41-50_F,4030.964285714286,D
$40K - $60K_Blue_Post-Graduate_41-50_M,6330.125,D
$40K - $60K_Blue_Post-Graduate_51-60_F,3516.95625,D
$40K - $60K_Blue_Post-Graduate_51-60_M,4053.5,D
$40K - $60K_Blue_Post-Graduate_60 üzeri_F,2875.25,D
$40K - $60K_Blue_Post-Graduate_60 üzeri_M,5561.0,D
$40K - $60K_Blue_Uneducated_30 ve altı_F,2033.0,D
$40K - $60K_Blue_Uneducated_30 ve altı_M,6377.25,D
$40K - $60K_Blue_Uneducated_31-40_F,4393.465,D
$40K - $60K_Blue_Uneducated_31-40_M,4503.907407407408,D
$40K - $60K_Blue_Uneducated_41-50_F,4081.750819672131,D
$40K - $60K_Blue_Uneducated_41-50_M,6682.72,D
$40K - $60K_Blue_Uneducated_51-60_F,3485.922222222222,D
$40K - $60K_Blue_Uneducated_51-60_M,5525.885714285714,D
$40K - $60K_Blue_Uneducated_60 üzeri_F,3012.46,D
$40K - $60K_Blue_Uneducated_60 üzeri_M,3871.0333333333338,D
$40K - $60K_Gold_College_30 ve altı_F,8631.953698034955,D
$40K - $60K_Gold_College_30 ve altı_M,8631.953698034955,D
$40K - $60K_Gold_College_31-40_F,8631.953698034955,D
$40K - $60K_Gold_College_31-40_M,13858.0,C
$40K - $60K_Gold_College_41-50_F,23051.0,B
$40K - $60K_Gold_College_41-50_M,8631.953698034955,D
$40K - $60K_Gold_College_51-60_F,23981.0,B
$40K - $60K_Gold_College_51-60_M,8631.953698034955,D
$40K - $60K_Gold_College_60 üzeri_F,8631.953698034955,D
$40K - $60K_Gold_College_60 üzeri_M,8631.953698034955,D
$40K - $60K_Gold_Doctorate_30 ve altı_F,8631.953698034955,D
$40K - $60K_Gold_Doctorate_30 ve altı_M,8631.953698034955,D
$40K - $60K_Gold_Doctorate_31-40_F,8631.953698034955,D
$40K - $60K_Gold_Doctorate_31-40_M,8631.953698034955,D
$40K - $60K_Gold_Doctorate_41-50_F,8631.953698034955,D
$40K - $60K_Gold_Doctorate_41-50_M,8631.953698034955,D
$40K - $60K_Gold_Doctorate_51-60_F,8631.953698034955,D
$40K - $60K_Gold_Doctorate_51-60_M,8631.953698034955,D
$40K - $60K_Gold_Doctorate_60 üzeri_F,8631.953698034955,D
$40K - $60K_Gold_Doctorate_60 üzeri_M,8631.953698034955,D
$40K - $60K_Gold_Graduate_30 ve altı_F,8631.953698034955,D
$40K - $60K_Gold_Graduate_30 ve altı_M,8631.953698034955,D
$40K - $60K_Gold_Graduate_31-40_F,23981.0,B
$40K - $60K_Gold_Graduate_31-40_M,23353.0,B
$40K - $60K_Gold_Graduate_41-50_F,23981.0,B
$40K - $60K_Gold_Graduate_41-50_M,23981.0,B
$40K - $60K_Gold_Graduate_51-60_F,8631.953698034955,D
$40K - $60K_Gold_Graduate_51-60_M,22722.0,B
$40K - $60K_Gold_Graduate_60 üzeri_F,8631.953698034955,D
$40K - $60K_Gold_Graduate_60 üzeri_M,8631.953698034955,D
$40K - $60K_Gold_High School_30 ve altı_F,8631.953698034955,D
$40K - $60K_Gold_High School_30 ve altı_M,8631.953698034955,D
$40K - $60K_Gold_High School_31-40_F,23981.0,B
$40K - $60K_Gold_High School_31-40_M,8631.953698034955,D
$40K - $60K_Gold_High School_41-50_F,8631.953698034955,D
$40K - $60K_Gold_High School_41-50_M,8631.953698034955,D
$40K - $60K_Gold_High School_51-60_F,8631.953698034955,D
$40K - $60K_Gold_High School_51-60_M,8631.953698034955,D
$40K - $60K_Gold_High School_60 üzeri_F,8631.953698034955,D
$40K - $60K_Gold_High School_60 üzeri_M,8631.953698034955,D
$40K - $60K_Gold_Post-Graduate_30 ve altı_F,8631.953698034955,D
$40K - $60K_Gold_Post-Graduate_30 ve altı_M,8631.953698034955,D
$40K - $60K_Gold_Post-Graduate_31-40_F,8631.953698034955,D
$40K - $60K_Gold_Post-Graduate_31-40_M,8631.953698034955,D
$40K - $60K_Gold_Post-Graduate_41-50_F,8631.953698034955,D
$40K - $60K_Gold_Post-Graduate_41-50_M,8631.953698034955,D
$40K - $60K_Gold_Post-Graduate_51-60_F,8631.953698034955,D
$40K - $60K_Gold_Post-Graduate_51-60_M,8631.953698034955,D
$40K - $60K_Gold_Post-Graduate_60 üzeri_F,8631.953698034955,D
$40K - $60K_Gold_Post-Graduate_60 üzeri_M,8631.953698034955,D
$40K - $60K_Gold_Uneducated_30 ve altı_F,8631.953698034955,D
$40K - $60K_Gold_Uneducated_30 ve altı_M,8631.953698034955,D
$40K - $60K_Gold_Uneducated_31-40_F,8631.953698034955,D
$40K - $60K_Gold_Uneducated_31-40_M,8631.953698034955,D
$40K - $60K_Gold_Uneducated_41-50_F,23981.0,B
$40K - $60K_Gold_Uneducated_41-50_M,8631.953698034955,D
$40K - $60K_Gold_Uneducated_51-60_F,8631.953698034955,D
$40K - $60K_Gold_Uneducated_51-60_M,8631.953698034955,D
$40K - $60K_Gold_Uneducated_60 üzeri_F,8631.953698034955,D
$40K - $60K_Gold_Uneducated_60 üzeri_M,8631.953698034955,D
$40K - $60K_Platinum_College_30 ve altı_F,8631.953698034955,D
$40K - $60K_Platinum_College_30 ve altı_M,8631.953698034955,D
$40K - $60K_Platinum_College_31-40_F,8631.953698034955,D
$40K - $60K_Platinum_College_31-40_M,8631.953698034955,D
$40K - $60K_Platinum_College_41-50_F,8631.953698034955,D
$40K - $60K_Platinum_College_41-50_M,8631.953698034955,D
$40K - $60K_Platinum_College_51-60_F,8631.953698034955,D
$40K - $60K_Platinum_College_51-60_M,8631.953698034955,D
$40K - $60K_Platinum_College_60 üzeri_F,8631.953698034955,D
$40K - $60K_Platinum_College_60 üzeri_M,8631.953698034955,D
$40K - $60K_Platinum_Doctorate_30 ve altı_F,8631.953698034955,D
$40K - $60K_Platinum_Doctorate_30 ve altı_M,8631.953698034955,D
$40K - $60K_Platinum_Doctorate_31-40_F,8631.953698034955,D
$40K - $60K_Platinum_Doctorate_31-40_M,8631.953698034955,D
$40K - $60K_Platinum_Doctorate_41-50_F,8631.953698034955,D
$40K - $60K_Platinum_Doctorate_41-50_M,8631.953698034955,D
$40K - $60K_Platinum_Doctorate_51-60_F,8631.953698034955,D
$40K - $60K_Platinum_Doctorate_51-60_M,8631.953698034955,D
$40K - $60K_Platinum_Doctorate_60 üzeri_F,8631.953698034955,D
$40K - $60K_Platinum_Doctorate_60 üzeri_M,8631.953698034955,D
$40K - $60K_Platinum_Graduate_30 ve altı_F,8631.953698034955,D
$40K - $60K_Platinum_Graduate_30 ve altı_M,8631.953698034955,D
$40K - $60K_Platinum_Graduate_31-40_F,8631.953698034955,D
$40K - $60K_Platinum_Graduate_31-40_M,8631.953698034955,D
$40K - $60K_Platinum_Graduate_41-50_F,8631.953698034955,D
$40K - $60K_Platinum_Graduate_41-50_M,8631.953698034955,D
$40K - $60K_Platinum_Graduate_51-60_F,8631.953698034955,D
$40K - $60K_Platinum_Graduate_51-60_M,8631.953698034955,D
$40K - $60K_Platinum_Graduate_60 üzeri_F,8631.953698034955,D
$40K - $60K_Platinum_Graduate_60 üzeri_M,8631.953698034955,D
$40K - $60K_Platinum_High School_30 ve altı_F,8631.953698034955,D
$40K - $60K_Platinum_High School_30 ve altı_M,8631.953698034955,D
$40K - $60K_Platinum_High School_31-40_F,8631.953698034955,D
$40K - $60K_Platinum_High School_31-40_M,8631.953698034955,D
$40K - $60K_Platinum_High School_41-50_F,8631.953698034955,D
$40K - $60K_Platinum_High School_41-50_M,8631.953698034955,D
$40K - $60K_Platinum_High School_51-60_F,8631.953698034955,D
$40K - $60K_Platinum_High School_51-60_M,8631.953698034955,D
$40K - $60K_Platinum_High School_60 üzeri_F,8631.953698034955,D
$40K - $60K_Platinum_High School_60 üzeri_M,8631.953698034955,D
$40K - $60K_Platinum_Post-Graduate_30 ve altı_F,8631.953698034955,D
$40K - $60K_Platinum_Post-Graduate_30 ve altı_M,8631.953698034955,D
$40K - $60K_Platinum_Post-Graduate_31-40_F,8631.953698034955,D
$40K - $60K_Platinum_Post-Graduate_31-40_M,8631.953698034955,D
$40K - $60K_Platinum_Post-Graduate_41-50_F,8631.953698034955,D
$40K - $60K_Platinum_Post-Graduate_41-50_M,23981.0,B
$40K - $60K_Platinum_Post-Graduate_51-60_F,8631.953698034955,D
$40K - $60K_Platinum_Post-Graduate_51-60_M,8631.953698034955,D
$40K - $60K_Platinum_Post-Graduate_60 üzeri_F,8631.953698034955,D
$40K - $60K_Platinum_Post-Graduate_60 üzeri_M,8631.953698034955,D
$40K - $60K_Platinum_Uneducated_30 ve altı_F,8631.953698034955,D
$40K - $60K_Platinum_Uneducated_30 ve altı_M,8631.953698034955,D
$40K - $60K_Platinum_Uneducated_31-40_F,8631.953698034955,D
$40K - $60K_Platinum_Uneducated_31-40_M,8631.953698034955,D
$40K - $60K_Platinum_Uneducated_41-50_F,8631.953698034955,D
$40K - $60K_Platinum_Uneducated_41-50_M,8631.953698034955,D
$40K - $60K_Platinum_Uneducated_51-60_F,8631.953698034955,D
$40K - $60K_Platinum_Uneducated_51-60_M,8631.953698034955,D
$40K - $60K_Platinum_Uneducated_60 üzeri_F,8631.953698034955,D
$40K - $60K_Platinum_Uneducated_60 üzeri_M,8631.953698034955,D
$40K - $60K_Silver_College_30 ve altı_F,8631.953698034955,D
$40K - $60K_Silver_College_30 ve altı_M,8631.953698034955,D
$40K - $60K_Silver_College_31-40_F,22361.0,B
$40K - $60K_Silver_College_31-40_M,15724.0,C
$40K - $60K_Silver_College_41-50_F,16686.0,C
$40K - $60K_Silver_College_41-50_M,17234.0,C
$40K - $60K_Silver_College_51-60_F,8631.953698034955,D
$40K - $60K_Silver_College_51-60_M,8631.953698034955,D
$40K - $60K_Silver_College_60 üzeri_F,8631.953698034955,D
$40K - $60K_Silver_College_60 üzeri_M,8631.953698034955,D
$40K - $60K_Silver_Doctorate_30 ve altı_F,8631.953698034955,D
$40K - $60K_Silver_Doctorate_30 ve altı_M,8631.953698034955,D
$40K - $60K_Silver_Doctorate_31-40_F,8631.953698034955,D
$40K - $60K_Silver_Doctorate_31-40_M,8631.953698034955,D
$40K - $60K_Silver_Doctorate_41-50_F,18571.333333333332,B
$40K - $60K_Silver_Doctorate_41-50_M,8631.953698034955,D
$40K - $60K_Silver_Doctorate_51-60_F,16677.0,C
$40K - $60K_Silver_Doctorate_51-60_M,17188.0,C
$40K - $60K_Silver_Doctorate_60 üzeri_F,8631.953698034955,D
$40K - $60K_Silver_Doctorate_60 üzeri_M,8631.953698034955,D
$40K - $60K_Silver_Graduate_30 ve altı_F,8631.953698034955,D
$40K - $60K_Silver_Graduate_30 ve altı_M,16037.0,C
$40K - $60K_Silver_Graduate_31-40_F,18407.2,B
$40K - $60K_Silver_Graduate_31-40_M,17263.4,C
$40K - $60K_Silver_Graduate_41-50_F,18162.615384615383,C
$40K - $60K_Silver_Graduate_41-50_M,17604.666666666668,C
$40K - $60K_Silver_Graduate_51-60_F,18228.0,C
$40K - $60K_Silver_Graduate_51-60_M,16868.5,C
$40K - $60K_Silver_Graduate_60 üzeri_F,15698.0,C
$40K - $60K_Silver_Graduate_60 üzeri_M,17612.5,C
$40K - $60K_Silver_High School_30 ve altı_F,8631.953698034955,D
$40K - $60K_Silver_High School_30 ve altı_M,8631.953698034955,D
$40K - $60K_Silver_High School_31-40_F,19000.0,B
$40K - $60K_Silver_High School_31-40_M,15504.0,C
$40K - $60K_Silver_High School_41-50_F,17312.2,C
$40K - $60K_Silver_High School_41-50_M,17563.14285714286,C
$40K - $60K_Silver_High School_51-60_F,8631.953698034955,D
$40K - $60K_Silver_High School_51-60_M,18452.0,B
$40K - $60K_Silver_High School_60 üzeri_F,8631.953698034955,D
$40K - $60K_Silver_High School_60 üzeri_M,8631.953698034955,D
$40K - $60K_Silver_Post-Graduate_30 ve altı_F,8631.953698034955,D
$40K - $60K_Silver_Post-Graduate_30 ve altı_M,8631.953698034955,D
$40K - $60K_Silver_Post-Graduate_31-40_F,17814.0,C
$40K - $60K_Silver_Post-Graduate_31-40_M,8631.953698034955,D
$40K - $60K_Silver_Post-Graduate_41-50_F,8631.953698034955,D
$40K - $60K_Silver_Post-Graduate_41-50_M,15909.5,C
$40K - $60K_Silver_Post-Graduate_51-60_F,3735.0,D
$40K - $60K_Silver_Post-Graduate_51-60_M,8631.953698034955,D
$40K - $60K_Silver_Post-Graduate_60 üzeri_F,8631.953698034955,D
$40K - $60K_Silver_Post-Graduate_60 üzeri_M,15939.0,C
$40K - $60K_Silver_Uneducated_30 ve altı_F,8631.953698034955,D
$40K - $60K_Silver_Uneducated_30 ve altı_M,8631.953698034955,D
$40K - $60K_Silver_Uneducated_31-40_F,16903.0,C
$40K - $60K_Silver_Uneducated_31-40_M,21308.0,B
$40K - $60K_Silver_Uneducated_41-50_F,18980.5,B
$40K - $60K_Silver_Uneducated_41-50_M,17942.0,C
$40K - $60K_Silver_Uneducated_51-60_F,16858.333333333332,C
$40K - $60K_Silver_Uneducated_51-60_M,17120.0,C
$40K - $60K_Silver_Uneducated_60 üzeri_F,8631.953698034955,D
$40K - $60K_Silver_Uneducated_60 üzeri_M,8631.953698034955,D
$60K - $80K_Blue_College_30 ve altı_F,8631.953698034955,D
$60K - $80K_Blue_College_30 ve altı_M,8289.6,D
$60K - $80K_Blue_College_31-40_F,8631.953698034955,D
$60K - $80K_Blue_College_31-40_M,9422.307407407407,D
$60K - $80K_Blue_College_41-50_F,8631.953698034955,D
$60K - $80K_Blue_College_41-50_M,10541.085507246376,C
$60K - $80K_Blue_College_51-60_F,8631.953698034955,D
$60K - $80K_Blue_College_51-60_M,8293.365,D
$60K - $80K_Blue_College_60 üzeri_F,8631.953698034955,D
$60K - $80K_Blue_College_60 üzeri_M,2706.0,D
$60K - $80K_Blue_Doctorate_30 ve altı_F,8631.953698034955,D
$60K - $80K_Blue_Doctorate_30 ve altı_M,8631.953698034955,D
$60K - $80K_Blue_Doctorate_31-40_F,8631.953698034955,D
$60K - $80K_Blue_Doctorate_31-40_M,6448.923076923077,D
$60K - $80K_Blue_Doctorate_41-50_F,8631.953698034955,D
$60K - $80K_Blue_Doctorate_41-50_M,11472.583333333334,C
$60K - $80K_Blue_Doctorate_51-60_F,8631.953698034955,D
$60K - $80K_Blue_Doctorate_51-60_M,7245.4375,D
$60K - $80K_Blue_Doctorate_60 üzeri_F,8631.953698034955,D
$60K - $80K_Blue_Doctorate_60 üzeri_M,4783.0,D
$60K - $80K_Blue_Graduate_30 ve altı_F,8631.953698034955,D
$60K - $80K_Blue_Graduate_30 ve altı_M,12066.555555555555,C
$60K - $80K_Blue_Graduate_31-40_F,8631.953698034955,D
$60K - $80K_Blue_Graduate_31-40_M,8456.052800000001,D
$60K - $80K_Blue_Graduate_41-50_F,8631.953698034955,D
$60K - $80K_Blue_Graduate_41-50_M,8691.728623188406,D
$60K - $80K_Blue_Graduate_51-60_F,8631.953698034955,D
$60K - $80K_Blue_Graduate_51-60_M,8173.287121212121,D
$60K - $80K_Blue_Graduate_60 üzeri_F,8631.953698034955,D
$60K - $80K_Blue_Graduate_60 üzeri_M,10610.04,C
$60K - $80K_Blue_High School_30 ve altı_F,8631.953698034955,D
$60K - $80K_Blue_High School_30 ve altı_M,8943.111111111111,D
$60K - $80K_Blue_High School_31-40_F,8631.953698034955,D
$60K - $80K_Blue_High School_31-40_M,8144.821666666667,D
$60K - $80K_Blue_High School_41-50_F,8631.953698034955,D
$60K - $80K_Blue_High School_41-50_M,8622.01925925926,D
$60K - $80K_Blue_High School_51-60_F,8631.953698034955,D
$60K - $80K_Blue_High School_51-60_M,7677.4313432835825,D
$60K - $80K_Blue_High School_60 üzeri_F,8631.953698034955,D
$60K - $80K_Blue_High School_60 üzeri_M,7872.5,D
$60K - $80K_Blue_Post-Graduate_30 ve altı_F,8631.953698034955,D
$60K - $80K_Blue_Post-Graduate_30 ve altı_M,8022.0,D
$60K - $80K_Blue_Post-Graduate_31-40_F,8631.953698034955,D
$60K - $80K_Blue_Post-Graduate_31-40_M,6706.916666666667,D
$60K - $80K_Blue_Post-Graduate_41-50_F,8631.953698034955,D
$60K - $80K_Blue_Post-Graduate_41-50_M,9402.756097560976,D
$60K - $80K_Blue_Post-Graduate_51-60_F,8631.953698034955,D
$60K - $80K_Blue_Post-Graduate_51-60_M,7168.3538461538465,D
$60K - $80K_Blue_Post-Graduate_60 üzeri_F,8631.953698034955,D
$60K - $80K_Blue_Post-Graduate_60 üzeri_M,11727.0,C
$60K - $80K_Blue_Uneducated_30 ve altı_F,8631.953698034955,D
$60K - $80K_Blue_Uneducated_30 ve altı_M,7941.75,D
$60K - $80K_Blue_Uneducated_31-40_F,8631.953698034955,D
$60K - $80K_Blue_Uneducated_31-40_M,8978.324324324325,D
$60K - $80K_Blue_Uneducated_41-50_F,8631.953698034955,D
$60K - $80K_Blue_Uneducated_41-50_M,9691.844186046512,D
$60K - $80K_Blue_Uneducated_51-60_F,8631.953698034955,D
$60K - $80K_Blue_Uneducated_51-60_M,7967.581818181818,D
$60K - $80K_Blue_Uneducated_60 üzeri_F,8631.953698034955,D
$60K - $80K_Blue_Uneducated_60 üzeri_M,9907.285714285714,D
$60K - $80K_Gold_College_30 ve altı_F,8631.953698034955,D
$60K - $80K_Gold_College_30 ve altı_M,8631.953698034955,D
$60K - $80K_Gold_College_31-40_F,8631.953698034955,D
$60K - $80K_Gold_College_31-40_M,8631.953698034955,D
$60K - $80K_Gold_College_41-50_F,8631.953698034955,D
$60K - $80K_Gold_College_41-50_M,34516.0,A
$60K - $80K_Gold_College_51-60_F,8631.953698034955,D
$60K - $80K_Gold_College_51-60_M,34516.0,A
$60K - $80K_Gold_College_60 üzeri_F,8631.953698034955,D
$60K - $80K_Gold_College_60 üzeri_M,8631.953698034955,D
$60K - $80K_Gold_Doctorate_30 ve altı_F,8631.953698034955,D
$60K - $80K_Gold_Doctorate_30 ve altı_M,8631.953698034955,D
$60K - $80K_Gold_Doctorate_31-40_F,8631.953698034955,D
$60K - $80K_Gold_Doctorate_31-40_M,8631.953698034955,D
$60K - $80K_Gold_Doctorate_41-50_F,8631.953698034955,D
$60K - $80K_Gold_Doctorate_41-50_M,34516.0,A
$60K - $80K_Gold_Doctorate_51-60_F,8631.953698034955,D
$60K - $80K_Gold_Doctorate_51-60_M,8631.953698034955,D
$60K - $80K_Gold_Doctorate_60 üzeri_F,8631.953698034955,D
$60K - $80K_Gold_Doctorate_60 üzeri_M,8631.953698034955,D
$60K - $80K_Gold_Graduate_30 ve altı_F,8631.953698034955,D
$60K - $80K_Gold_Graduate_30 ve altı_M,8631.953698034955,D
$60K - $80K_Gold_Graduate_31-40_F,8631.953698034955,D
$60K - $80K_Gold_Graduate_31-40_M,34516.0,A
$60K - $80K_Gold_Graduate_41-50_F,8631.953698034955,D
$60K - $80K_Gold_Graduate_41-50_M,34516.0,A
$60K - $80K_Gold_Graduate_51-60_F,8631.953698034955,D
$60K - $80K_Gold_Graduate_51-60_M,8631.953698034955,D
$60K - $80K_Gold_Graduate_60 üzeri_F,8631.953698034955,D
$60K - $80K_Gold_Graduate_60 üzeri_M,8631.953698034955,D
$60K - $80K_Gold_High School_30 ve altı_F,8631.953698034955,D
$60K - $80K_Gold_High School_30 ve altı_M,8631.953698034955,D
$60K - $80K_Gold_High School_31-40_F,8631.953698034955,D
$60K - $80K_Gold_High School_31-40_M,34516.0,A
$60K - $80K_Gold_High School_41-50_F,8631.953698034955,D
$60K - $80K_Gold_High School_41-50_M,28857.6,A
$60K - $80K_Gold_High School_51-60_F,8631.953698034955,D
$60K - $80K_Gold_High School_51-60_M,34516.0,A
$60K - $80K_Gold_High School_60 üzeri_F,8631.953698034955,D
$60K - $80K_Gold_High School_60 üzeri_M,8631.953698034955,D
$60K - $80K_Gold_Post-Graduate_30 ve altı_F,8631.953698034955,D
$60K - $80K_Gold_Post-Graduate_30 ve altı_M,8631.953698034955,D
$60K - $80K_Gold_Post-Graduate_31-40_F,8631.953698034955,D
$60K - $80K_Gold_Post-Graduate_31-40_M,8631.953698034955,D
$60K - $80K_Gold_Post-Graduate_41-50_F,8631.953698034955,D
$60K - $80K_Gold_Post-Graduate_41-50_M,34516.0,A
$60K - $80K_Gold_Post-Graduate_51-60_F,8631.953698034955,D
$60K - $80K_Gold_Post-Graduate_51-60_M,8631.953698034955,D
$60K - $80K_Gold_Post-Graduate_60 üzeri_F,8631.953698034955,D
$60K - $80K_Gold_Post-Graduate_60 üzeri_M,8631.953698034955,D
$60K - $80K_Gold_Uneducated_30 ve altı_F,8631.953698034955,D
$60K - $80K_Gold_Uneducated_30 ve altı_M,8631.953698034955,D
$60K - $80K_Gold_Uneducated_31-40_F,8631.953698034955,D
$60K - $80K_Gold_Uneducated_31-40_M,8631.953698034955,D
$60K - $80K_Gold_Uneducated_41-50_F,8631.953698034955,D
$60K - $80K_Gold_Uneducated_41-50_M,34516.0,A
$60K - $80K_Gold_Uneducated_51-60_F,8631.953698034955,D
$60K - $80K_Gold_Uneducated_51-60_M,8631.953698034955,D
$60K - $80K_Gold_Uneducated_60 üzeri_F,8631.953698034955,D
$60K - $80K_Gold_Uneducated_60 üzeri_M,8631.953698034955,D
$60K - $80K_Platinum_College_30 ve altı_F,8631.953698034955,D
$60K - $80K_Platinum_College_30 ve altı_M,8631.953698034955,D
$60K - $80K_Platinum_College_31-40_F,8631.953698034955,D
$60K - $80K_Platinum_College_31-40_M,8631.953698034955,D
$60K - $80K_Platinum_College_41-50_F,8631.953698034955,D
$60K - $80K_Platinum_College_41-50_M,8631.953698034955,D
$60K - $80K_Platinum_College_51-60_F,8631.953698034955,D
$60K - $80K_Platinum_College_51-60_M,8631.953698034955,D
$60K - $80K_Platinum_College_60 üzeri_F,8631.953698034955,D
$60K - $80K_Platinum_College_60 üzeri_M,8631.953698034955,D
$60K - $80K_Platinum_Doctorate_30 ve altı_F,8631.953698034955,D
$60K - $80K_Platinum_Doctorate_30 ve altı_M,8631.953698034955,D
$60K - $80K_Platinum_Doctorate_31-40_F,8631.953698034955,D
$60K - $80K_Platinum_Doctorate_31-40_M,8631.953698034955,D
$60K - $80K_Platinum_Doctorate_41-50_F,8631.953698034955,D
$60K - $80K_Platinum_Doctorate_41-50_M,8631.953698034955,D
$60K - $80K_Platinum_Doctorate_51-60_F,8631.953698034955,D
$60K - $80K_Platinum_Doctorate_51-60_M,8631.953698034955,D
$60K - $80K_Platinum_Doctorate_60 üzeri_F,8631.953698034955,D
$60K - $80K_Platinum_Doctorate_60 üzeri_M,8631.953698034955,D
$60K - $80K_Platinum_Graduate_30 ve altı_F,8631.953698034955,D
$60K - $80K_Platinum_Graduate_30 ve altı_M,8631.953698034955,D
$60K - $80K_Platinum_Graduate_31-40_F,8631.953698034955,D
$60K - $80K_Platinum_Graduate_31-40_M,8631.953698034955,D
$60K - $80K_Platinum_Graduate_41-50_F,8631.953698034955,D
$60K - $80K_Platinum_Graduate_41-50_M,34516.0,A
$60K - $80K_Platinum_Graduate_51-60_F,8631.953698034955,D
$60K - $80K_Platinum_Graduate_51-60_M,8631.953698034955,D
$60K - $80K_Platinum_Graduate_60 üzeri_F,8631.953698034955,D
$60K - $80K_Platinum_Graduate_60 üzeri_M,8631.953698034955,D
$60K - $80K_Platinum_High School_30 ve altı_F,8631.953698034955,D
$60K - $80K_Platinum_High School_30 ve altı_M,8631.953698034955,D
$60K - $80K_Platinum_High School_31-40_F,8631.953698034955,D
$60K - $80K_Platinum_High School_31-40_M,8631.953698034955,D
$60K - $80K_Platinum_High School_41-50_F,8631.953698034955,D
$60K - $80K_Platinum_High School_41-50_M,8631.953698034955,D
$60K - $80K_Platinum_High School_51-60_F,8631.953698034955,D
$60K - $80K_Platinum_High School_51-60_M,8631.953698034955,D
$60K - $80K_Platinum_High School_60 üzeri_F,8631.953698034955,D
$60K - $80K_Platinum_High School_60 üzeri_M,8631.953698034955,D
$60K - $80K_Platinum_Post-Graduate_30 ve altı_F,8631.953698034955,D
$60K - $80K_Platinum_Post-Graduate_30 ve altı_M,8631.953698034955,D
$60K - $80K_Platinum_Post-Graduate_31-40_F,8631.953698034955,D
$60K - $80K_Platinum_Post-Graduate_31-40_M,8631.953698034955,D
$60K - $80K_Platinum_Post-Graduate_41-50_F,8631.953698034955,D
$60K - $80K_Platinum_Post-Graduate_41-50_M,8631.953698034955,D
$60K - $80K_Platinum_Post-Graduate_51-60_F,8631.953698034955,D
$60K - $80K_Platinum_Post-Graduate_51-60_M,34516.0,A
$60K - $80K_Platinum_Post-Graduate_60 üzeri_F,8631.953698034955,D
$60K - $80K_Platinum_Post-Graduate_60 üzeri_M,8631.953698034955,D
$60K - $80K_Platinum_Uneducated_30 ve altı_F,8631.953698034955,D
$60K - $80K_Platinum_Uneducated_30 ve altı_M,8631.953698034955,D
$60K - $80K_Platinum_Uneducated_31-40_F,8631.953698034955,D
$60K - $80K_Platinum_Uneducated_31-40_M,8631.953698034955,D
$60K - $80K_Platinum_Uneducated_41-50_F,8631.953698034955,D
$60K - $80K_Platinum_Uneducated_41-50_M,8631.953698034955,D
$60K - $80K_Platinum_Uneducated_51-60_F,8631.953698034955,D
$60K - $80K_Platinum_Uneducated_51-60_M,8631.953698034955,D
$60K - $80K_Platinum_Uneducated_60 üzeri_F,8631.953698034955,D
$60K - $80K_Platinum_Uneducated_60 üzeri_M,8631.953698034955,D
$60K - $80K_Silver_College_30 ve altı_F,8631.953698034955,D
$60K - $80K_Silver_College_30 ve altı_M,8631.953698034955,D
$60K - $80K_Silver_College_31-40_F,8631.953698034955,D
$60K - $80K_Silver_College_31-40_M,30082.0,A
$60K - $80K_Silver_College_41-50_F,8631.953698034955,D
$60K - $80K_Silver_College_41-50_M,29275.0,A
$60K - $80K_Silver_College_51-60_F,8631.953698034955,D
$60K - $80K_Silver_College_51-60_M,8631.953698034955,D
$60K - $80K_Silver_College_60 üzeri_F,8631.953698034955,D
$60K - $80K_Silver_College_60 üzeri_M,8631.953698034955,D
$60K - $80K_Silver_Doctorate_30 ve altı_F,8631.953698034955,D
$60K - $80K_Silver_Doctorate_30 ve altı_M,8631.953698034955,D
$60K - $80K_Silver_Doctorate_31-40_F,8631.953698034955,D
$60K - $80K_Silver_Doctorate_31-40_M,8631.953698034955,D
$60K - $80K_Silver_Doctorate_41-50_F,8631.953698034955,D
$60K - $80K_Silver_Doctorate_41-50_M,31317.0,A
$60K - $80K_Silver_Doctorate_51-60_F,8631.953698034955,D
$60K - $80K_Silver_Doctorate_51-60_M,8631.953698034955,D
$60K - $80K_Silver_Doctorate_60 üzeri_F,8631.953698034955,D
$60K - $80K_Silver_Doctorate_60 üzeri_M,8631.953698034955,D
$60K - $80K_Silver_Graduate_30 ve altı_F,8631.953698034955,D
$60K - $80K_Silver_Graduate_30 ve altı_M,8631.953698034955,D
$60K - $80K_Silver_Graduate_31-40_F,8631.953698034955,D
$60K - $80K_Silver_Graduate_31-40_M,28425.0,A
$60K - $80K_Silver_Graduate_41-50_F,8631.953698034955,D
$60K - $80K_Silver_Graduate_41-50_M,28991.848484848484,A
$60K - $80K_Silver_Graduate_51-60_F,8631.953698034955,D
$60K - $80K_Silver_Graduate_51-60_M,28081.875,A
$60K - $80K_Silver_Graduate_60 üzeri_F,8631.953698034955,D
$60K - $80K_Silver_Graduate_60 üzeri_M,25502.0,B
$60K - $80K_Silver_High School_30 ve altı_F,8631.953698034955,D
$60K - $80K_Silver_High School_30 ve altı_M,8631.953698034955,D
$60K - $80K_Silver_High School_31-40_F,8631.953698034955,D
$60K - $80K_Silver_High School_31-40_M,29979.85714285714,A
$60K - $80K_Silver_High School_41-50_F,8631.953698034955,D
$60K - $80K_Silver_High School_41-50_M,31436.0,A
$60K - $80K_Silver_High School_51-60_F,8631.953698034955,D
$60K - $80K_Silver_High School_51-60_M,32158.0,A
$60K - $80K_Silver_High School_60 üzeri_F,8631.953698034955,D
$60K - $80K_Silver_High School_60 üzeri_M,26218.0,B
$60K - $80K_Silver_Post-Graduate_30 ve altı_F,8631.953698034955,D
$60K - $80K_Silver_Post-Graduate_30 ve altı_M,8631.953698034955,D
$60K - $80K_Silver_Post-Graduate_31-40_F,8631.953698034955,D
$60K - $80K_Silver_Post-Graduate_31-40_M,29119.666666666668,A
$60K - $80K_Silver_Post-Graduate_41-50_F,8631.953698034955,D
$60K - $80K_Silver_Post-Graduate_41-50_M,8631.953698034955,D
$60K - $80K_Silver_Post-Graduate_51-60_F,8631.953698034955,D
$60K - $80K_Silver_Post-Graduate_51-60_M,29038.0,A
$60K - $80K_Silver_Post-Graduate_60 üzeri_F,8631.953698034955,D
$60K - $80K_Silver_Post-Graduate_60 üzeri_M,28229.0,A
$60K - $80K_Silver_Uneducated_30 ve altı_F,8631.953698034955,D
$60K - $80K_Silver_Uneducated_30 ve altı_M,8631.953698034955,D
$60K - $80K_Silver_Uneducated_31-40_F,8631.953698034955,D
$60K - $80K_Silver_Uneducated_31-40_M,34113.5,A
$60K - $80K_Silver_Uneducated_41-50_F,8631.953698034955,D
$60K - $80K_Silver_Uneducated_41-50_M,30520.333333333332,A
$60K - $80K_Silver_Uneducated_51-60_F,8631.953698034955,D
$60K - $80K_Silver_Uneducated_51-60_M,31276.5,A
$60K - $80K_Silver_Uneducated_60 üzeri_F,8631.953698034955,D
$60K - $80K_Silver_Uneducated_60 üzeri_M,8631.953698034955,D
$80K - $120K_Blue_College_30 ve altı_F,8631.953698034955,D
$80K - $120K_Blue_College_30 ve altı_M,7010.0,D
$80K - $120K_Blue_College_31-40_F,8631.953698034955,D
$80K - $120K_Blue_College_31-40_M,13835.876315789475,C
$80K - $120K_Blue_College_41-50_F,8631.953698034955,D
$80K - $120K_Blue_College_41-50_M,13454.195588235294,C
$80K - $120K_Blue_College_51-60_F,8631.953698034955,D
$80K - $120K_Blue_College_51-60_M,13564.90909090909,C
$80K - $120K_Blue_College_60 üzeri_F,8631.953698034955,D
$80K - $120K_Blue_College_60 üzeri_M,15215.5,C
$80K - $120K_Blue_Doctorate_30 ve altı_F,8631.953698034955,D
$80K - $120K_Blue_Doctorate_30 ve altı_M,8631.953698034955,D
$80K - $120K_Blue_Doctorate_31-40_F,8631.953698034955,D
$80K - $120K_Blue_Doctorate_31-40_M,12156.0,C
$80K - $120K_Blue_Doctorate_41-50_F,8631.953698034955,D
$80K - $120K_Blue_Doctorate_41-50_M,12673.516666666666,C
$80K - $120K_Blue_Doctorate_51-60_F,8631.953698034955,D
$80K - $120K_Blue_Doctorate_51-60_M,14129.733333333334,C
$80K - $120K_Blue_Doctorate_60 üzeri_F,8631.953698034955,D
$80K - $120K_Blue_Doctorate_60 üzeri_M,8631.953698034955,D
$80K - $120K_Blue_Graduate_30 ve altı_F,8631.953698034955,D
$80K - $120K_Blue_Graduate_30 ve altı_M,11875.2,C
$80K - $120K_Blue_Graduate_31-40_F,8631.953698034955,D
$80K - $120K_Blue_Graduate_31-40_M,12946.628455284554,C
$80K - $120K_Blue_Graduate_41-50_F,8631.953698034955,D
$80K - $120K_Blue_Graduate_41-50_M,14172.377215189874,C
$80K - $120K_Blue_Graduate_51-60_F,8631.953698034955,D
$80K - $120K_Blue_Graduate_51-60_M,12686.194623655914,C
$80K - $120K_Blue_Graduate_60 üzeri_F,8631.953698034955,D
$80K - $120K_Blue_Graduate_60 üzeri_M,13987.9125,C
$80K - $120K_Blue_High School_30 ve altı_F,8631.953698034955,D
$80K - $120K_Blue_High School_30 ve altı_M,4158.0,D
$80K - $120K_Blue_High School_31-40_F,8631.953698034955,D
$80K - $120K_Blue_High School_31-40_M,11406.643103448278,C
$80K - $120K_Blue_High School_41-50_F,8631.953698034955,D
$80K - $120K_Blue_High School_41-50_M,15846.568217054264,C
$80K - $120K_Blue_High School_51-60_F,8631.953698034955,D
$80K - $120K_Blue_High School_51-60_M,13721.154651162791,C
$80K - $120K_Blue_High School_60 üzeri_F,8631.953698034955,D
$80K - $120K_Blue_High School_60 üzeri_M,6659.666666666667,D
$80K - $120K_Blue_Post-Graduate_30 ve altı_F,8631.953698034955,D
$80K - $120K_Blue_Post-Graduate_30 ve altı_M,8631.953698034955,D
$80K - $120K_Blue_Post-Graduate_31-40_F,8631.953698034955,D
$80K - $120K_Blue_Post-Graduate_31-40_M,13111.20476190476,C
$80K - $120K_Blue_Post-Graduate_41-50_F,8631.953698034955,D
$80K - $120K_Blue_Post-Graduate_41-50_M,19857.48275862069,B
$80K - $120K_Blue_Post-Graduate_51-60_F,8631.953698034955,D
$80K - $120K_Blue_Post-Graduate_51-60_M,12024.578260869564,C
$80K - $120K_Blue_Post-Graduate_60 üzeri_F,8631.953698034955,D
$80K - $120K_Blue_Post-Graduate_60 üzeri_M,8631.953698034955,D
$80K - $120K_Blue_Uneducated_30 ve altı_F,8631.953698034955,D
$80K - $120K_Blue_Uneducated_30 ve altı_M,8631.953698034955,D
$80K - $120K_Blue_Uneducated_31-40_F,8631.953698034955,D
$80K - $120K_Blue_Uneducated_31-40_M,14134.252173913042,C
$80K - $120K_Blue_Uneducated_41-50_F,8631.953698034955,D
$80K - $120K_Blue_Uneducated_41-50_M,15705.701149425287,C
$80K - $120K_Blue_Uneducated_51-60_F,8631.953698034955,D
$80K - $120K_Blue_Uneducated_51-60_M,15009.983606557376,C
$80K - $120K_Blue_Uneducated_60 üzeri_F,8631.953698034955,D
$80K - $120K_Blue_Uneducated_60 üzeri_M,14493.060000000001,C
$80K - $120K_Gold_College_30 ve altı_F,8631.953698034955,D
$80K - $120K_Gold_College_30 ve altı_M,8631.953698034955,D
$80K - $120K_Gold_College_31-40_F,8631.953698034955,D
$80K - $120K_Gold_College_31-40_M,8631.953698034955,D
$80K - $120K_Gold_College_41-50_F,8631.953698034955,D
$80K - $120K_Gold_College_41-50_M,8631.953698034955,D
$80K - $120K_Gold_College_51-60_F,8631.953698034955,D
$80K - $120K_Gold_College_51-60_M,8631.953698034955,D
$80K - $120K_Gold_College_60 üzeri_F,8631.953698034955,D
$80K - $120K_Gold_College_60 üzeri_M,8631.953698034955,D
$80K - $120K_Gold_Doctorate_30 ve altı_F,8631.953698034955,D
$80K - $120K_Gold_Doctorate_30 ve altı_M,8631.953698034955,D
$80K - $120K_Gold_Doctorate_31-40_F,8631.953698034955,D
$80K - $120K_Gold_Doctorate_31-40_M,8631.953698034955,D
$80K - $120K_Gold_Doctorate_41-50_F,8631.953698034955,D
$80K - $120K_Gold_Doctorate_41-50_M,8631.953698034955,D
$80K - $120K_Gold_Doctorate_51-60_F,8631.953698034955,D
$80K - $120K_Gold_Doctorate_51-60_M,8631.953698034955,D
$80K - $120K_Gold_Doctorate_60 üzeri_F,8631.953698034955,D
$80K - $120K_Gold_Doctorate_60 üzeri_M,8631.953698034955,D
$80K - $120K_Gold_Graduate_30 ve altı_F,8631.953698034955,D
$80K - $120K_Gold_Graduate_30 ve altı_M,8631.953698034955,D
$80K - $120K_Gold_Graduate_31-40_F,8631.953698034955,D
$80K - $120K_Gold_Graduate_31-40_M,34516.0,A
$80K - $120K_Gold_Graduate_41-50_F,8631.953698034955,D
$80K - $120K_Gold_Graduate_41-50_M,34516.0,A
$80K - $120K_Gold_Graduate_51-60_F,8631.953698034955,D
$80K - $120K_Gold_Graduate_51-60_M,34516.0,A
$80K - $120K_Gold_Graduate_60 üzeri_F,8631.953698034955,D
$80K - $120K_Gold_Graduate_60 üzeri_M,34516.0,A
$80K - $120K_Gold_High School_30 ve altı_F,8631.953698034955,D
$80K - $120K_Gold_High School_30 ve altı_M,8631.953698034955,D
$80K - $120K_Gold_High School_31-40_F,8631.953698034955,D
$80K - $120K_Gold_High School_31-40_M,34516.0,A
$80K - $120K_Gold_High School_41-50_F,8631.953698034955,D
$80K - $120K_Gold_High School_41-50_M,34516.0,A
$80K - $120K_Gold_High School_51-60_F,8631.953698034955,D
$80K - $120K_Gold_High School_51-60_M,34516.0,A
$80K - $120K_Gold_High School_60 üzeri_F,8631.953698034955,D
$80K - $120K_Gold_High School_60 üzeri_M,8631.953698034955,D
$80K - $120K_Gold_Post-Graduate_30 ve altı_F,8631.953698034955,D
$80K - $120K_Gold_Post-Graduate_30 ve altı_M,8631.953698034955,D
$80K - $120K_Gold_Post-Graduate_31-40_F,8631.953698034955,D
$80K - $120K_Gold_Post-Graduate_31-40_M,8631.953698034955,D
$80K - $120K_Gold_Post-Graduate_41-50_F,8631.953698034955,D
$80K - $120K_Gold_Post-Graduate_41-50_M,34516.0,A
$80K - $120K_Gold_Post-Graduate_51-60_F,8631.953698034955,D
$80K - $120K_Gold_Post-Graduate_51-60_M,34516.0,A
$80K - $120K_Gold_Post-Graduate_60 üzeri_F,8631.953698034955,D
$80K - $120K_Gold_Post-Graduate_60 üzeri_M,8631.953698034955,D
$80K - $120K_Gold_Uneducated_30 ve altı_F,8631.953698034955,D
$80K - $120K_Gold_Uneducated_30 ve altı_M,8631.953698034955,D
$80K - $120K_Gold_Uneducated_31-40_F,8631.953698034955,D
$80K - $120K_Gold_Uneducated_31-40_M,8631.953698034955,D
$80K - $120K_Gold_Uneducated_41-50_F,8631.953698034955,D
$80K - $120K_Gold_Uneducated_41-50_M,34516.0,A
$80K - $120K_Gold_Uneducated_51-60_F,8631.953698034955,D
$80K - $120K_Gold_Uneducated_51-60_M,8631.953698034955,D
$80K - $120K_Gold_Uneducated_60 üzeri_F,8631.953698034955,D
$80K - $120K_Gold_Uneducated_60 üzeri_M,8631.953698034955,D
$80K - $120K_Platinum_College_30 ve altı_F,8631.953698034955,D
$80K - $120K_Platinum_College_30 ve altı_M,8631.953698034955,D
$80K - $120K_Platinum_College_31-40_F,8631.953698034955,D
$80K - $120K_Platinum_College_31-40_M,8631.953698034955,D
$80K - $120K_Platinum_College_41-50_F,8631.953698034955,D
$80K - $120K_Platinum_College_41-50_M,8631.953698034955,D
$80K - $120K_Platinum_College_51-60_F,8631.953698034955,D
$80K - $120K_Platinum_College_51-60_M,8631.953698034955,D
$80K - $120K_Platinum_College_60 üzeri_F,8631.953698034955,D
$80K - $120K_Platinum_College_60 üzeri_M,8631.953698034955,D
$80K - $120K_Platinum_Doctorate_30 ve altı_F,8631.953698034955,D
$80K - $120K_Platinum_Doctorate_30 ve altı_M,8631.953698034955,D
$80K - $120K_Platinum_Doctorate_31-40_F,8631.953698034955,D
$80K - $120K_Platinum_Doctorate_31-40_M,8631.953698034955,D
$80K - $120K_Platinum_Doctorate_41-50_F,8631.953698034955,D
$80K - $120K_Platinum_Doctorate_41-50_M,8631.953698034955,D
$80K - $120K_Platinum_Doctorate_51-60_F,8631.953698034955,D
$80K - $120K_Platinum_Doctorate_51-60_M,8631.953698034955,D
$80K - $120K_Platinum_Doctorate_60 üzeri_F,8631.953698034955,D
$80K - $120K_Platinum_Doctorate_60 üzeri_M,8631.953698034955,D
$80K - $120K_Platinum_Graduate_30 ve altı_F,8631.953698034955,D
$80K - $120K_Platinum_Graduate_30 ve altı_M,8631.953698034955,D
$80K - $120K_Platinum_Graduate_31-40_F,8631.953698034955,D
$80K - $120K_Platinum_Graduate_31-40_M,8631.953698034955,D
$80K - $120K_Platinum_Graduate_41-50_F,8631.953698034955,D
$80K - $120K_Platinum_Graduate_41-50_M,34516.0,A
$80K - $120K_Platinum_Graduate_51-60_F,8631.953698034955,D
$80K - $120K_Platinum_Graduate_51-60_M,8631.953698034955,D
$80K - $120K_Platinum_Graduate_60 üzeri_F,8631.953698034955,D
$80K - $120K_Platinum_Graduate_60 üzeri_M,8631.953698034955,D
$80K - $120K_Platinum_High School_30 ve altı_F,8631.953698034955,D
$80K - $120K_Platinum_High School_30 ve altı_M,8631.953698034955,D
$80K - $120K_Platinum_High School_31-40_F,8631.953698034955,D
$80K - $120K_Platinum_High School_31-40_M,8631.953698034955,D
$80K - $120K_Platinum_High School_41-50_F,8631.953698034955,D
$80K - $120K_Platinum_High School_41-50_M,8631.953698034955,D
$80K - $120K_Platinum_High School_51-60_F,8631.953698034955,D
$80K - $120K_Platinum_High School_51-60_M,8631.953698034955,D
$80K - $120K_Platinum_High School_60 üzeri_F,8631.953698034955,D
$80K - $120K_Platinum_High School_60 üzeri_M,8631.953698034955,D
$80K - $120K_Platinum_Post-Graduate_30 ve altı_F,8631.953698034955,D
$80K - $120K_Platinum_Post-Graduate_30 ve altı_M,8631.953698034955,D
$80K - $120K_Platinum_Post-Graduate_31-40_F,8631.953698034955,D
$80K - $120K_Platinum_Post-Graduate_31-40_M,8631.953698034955,D
$80K - $120K_Platinum_Post-Graduate_41-50_F,8631.953698034955,D
$80K - $120K_Platinum_Post-Graduate_41-50_M,8631.953698034955,D
$80K - $120K_Platinum_Post-Graduate_51-60_F,8631.953698034955,D
$80K - $120K_Platinum_Post-Graduate_51-60_M,8631.953698034955,D
$80K - $120K_Platinum_Post-Graduate_60 üzeri_F,8631.953698034955,D
$80K - $120K_Platinum_Post-Graduate_60 üzeri_M,8631.953698034955,D
$80K - $120K_Platinum_Uneducated_30 ve altı_F,8631.953698034955,D
$80K - $120K_Platinum_Uneducated_30 ve altı_M,8631.953698034955,D
$80K - $120K_Platinum_Uneducated_31-40_F,8631.953698034955,D
$80K - $120K_Platinum_Uneducated_31-40_M,8631.953698034955,D
$80K - $120K_Platinum_Uneducated_41-50_F,8631.953698034955,D
$80K - $120K_Platinum_Uneducated_41-50_M,8631.953698034955,D
$80K - $120K_Platinum_Uneducated_51-60_F,8631.953698034955,D
$80K - $120K_Platinum_Uneducated_51-60_M,8631.953698034955,D
$80K - $120K_Platinum_Uneducated_60 üzeri_F,8631.953698034955,D
$80K - $120K_Platinum_Uneducated_60 üzeri_M,8631.953698034955,D
$80K - $120K_Silver_College_30 ve altı_F,8631.953698034955,D
$80K - $120K_Silver_College_30 ve altı_M,34516.0,A
$80K - $120K_Silver_College_31-40_F,8631.953698034955,D
$80K - $120K_Silver_College_31-40_M,34516.0,A
$80K - $120K_Silver_College_41-50_F,8631.953698034955,D
$80K - $120K_Silver_College_41-50_M,34516.0,A
$80K - $120K_Silver_College_51-60_F,8631.953698034955,D
$80K - $120K_Silver_College_51-60_M,34516.0,A
$80K - $120K_Silver_College_60 üzeri_F,8631.953698034955,D
$80K - $120K_Silver_College_60 üzeri_M,8631.953698034955,D
$80K - $120K_Silver_Doctorate_30 ve altı_F,8631.953698034955,D
$80K - $120K_Silver_Doctorate_30 ve altı_M,8631.953698034955,D
$80K - $120K_Silver_Doctorate_31-40_F,8631.953698034955,D
$80K - $120K_Silver_Doctorate_31-40_M,34516.0,A
$80K - $120K_Silver_Doctorate_41-50_F,8631.953698034955,D
$80K - $120K_Silver_Doctorate_41-50_M,8631.953698034955,D
$80K - $120K_Silver_Doctorate_51-60_F,8631.953698034955,D
$80K - $120K_Silver_Doctorate_51-60_M,8631.953698034955,D
$80K - $120K_Silver_Doctorate_60 üzeri_F,8631.953698034955,D
$80K - $120K_Silver_Doctorate_60 üzeri_M,8631.953698034955,D
$80K - $120K_Silver_Graduate_30 ve altı_F,8631.953698034955,D
$80K - $120K_Silver_Graduate_30 ve altı_M,34516.0,A
$80K - $120K_Silver_Graduate_31-40_F,8631.953698034955,D
$80K - $120K_Silver_Graduate_31-40_M,34516.0,A
$80K - $120K_Silver_Graduate_41-50_F,8631.953698034955,D
$80K - $120K_Silver_Graduate_41-50_M,34516.0,A
$80K - $120K_Silver_Graduate_51-60_F,8631.953698034955,D
$80K - $120K_Silver_Graduate_51-60_M,34516.0,A
$80K - $120K_Silver_Graduate_60 üzeri_F,8631.953698034955,D
$80K - $120K_Silver_Graduate_60 üzeri_M,8631.953698034955,D
$80K - $120K_Silver_High School_30 ve altı_F,8631.953698034955,D
$80K - $120K_Silver_High School_30 ve altı_M,8631.953698034955,D
$80K - $120K_Silver_High School_31-40_F,8631.953698034955,D
$80K - $120K_Silver_High School_31-40_M,34516.0,A
$80K - $120K_Silver_High School_41-50_F,8631.953698034955,D
$80K - $120K_Silver_High School_41-50_M,34516.0,A
$80K - $120K_Silver_High School_51-60_F,8631.953698034955,D
$80K - $120K_Silver_High School_51-60_M,34516.0,A
$80K - $120K_Silver_High School_60 üzeri_F,8631.953698034955,D
$80K - $120K_Silver_High School_60 üzeri_M,8631.953698034955,D
$80K - $120K_Silver_Post-Graduate_30 ve altı_F,8631.953698034955,D
$80K - $120K_Silver_Post-Graduate_30 ve altı_M,8631.953698034955,D
$80K - $120K_Silver_Post-Graduate_31-40_F,8631.953698034955,D
$80K - $120K_Silver_Post-Graduate_31-40_M,34516.0,A
$80K - $120K_Silver_Post-Graduate_41-50_F,8631.953698034955,D
$80K - $120K_Silver_Post-Graduate_41-50_M,8631.953698034955,D
$80K - $120K_Silver_Post-Graduate_51-60_F,8631.953698034955,D
$80K - $120K_Silver_Post-Graduate_51-60_M,34516.0,A
$80K - $120K_Silver_Post-Graduate_60 üzeri_F,8631.953698034955,D
$80K - $120K_Silver_Post-Graduate_60 üzeri_M,8631.953698034955,D
$80K - $120K_Silver_Uneducated_30 ve altı_F,8631.953698034955,D
$80K - $120K_Silver_Uneducated_30 ve altı_M,8631.953698034955,D
$80K - $120K_Silver_Uneducated_31-40_F,8631.953698034955,D
$80K - $120K_Silver_Uneducated_31-40_M,34516.0,A
$80K - $120K_Silver_Uneducated_41-50_F,8631.953698034955,D
$80K - $120K_Silver_Uneducated_41-50_M,34516.0,A
$80K - $120K_Silver_Uneducated_51-60_F,8631.953698034955,D
$80K - $120K_Silver_Uneducated_51-60_M,34516.0,A
$80K - $120K_Silver_Uneducated_60 üzeri_F,8631.953698034955,D
$80K - $120K_Silver_Uneducated_60 üzeri_M,8631.953698034955,D
Less than $40K_Blue_College_30 ve altı_F,4491.176923076923,D
Less than $40K_Blue_College_30 ve altı_M,6031.1625,D
Less than $40K_Blue_College_31-40_F,4062.173493975904,D
Less than $40K_Blue_College_31-40_M,4251.166666666667,D
Less than $40K_Blue_College_41-50_F,4139.374857142857,D
Less than $40K_Blue_College_41-50_M,6751.125,D
Less than $40K_Blue_College_51-60_F,4153.246341463415,D
Less than $40K_Blue_College_51-60_M,3663.0,D
Less than $40K_Blue_College_60 üzeri_F,5701.407692307693,D
Less than $40K_Blue_College_60 üzeri_M,5437.5,D
Less than $40K_Blue_Doctorate_30 ve altı_F,8631.953698034955,D
Less than $40K_Blue_Doctorate_30 ve altı_M,8631.953698034955,D
Less than $40K_Blue_Doctorate_31-40_F,3952.146153846154,D
Less than $40K_Blue_Doctorate_31-40_M,11696.5,C
Less than $40K_Blue_Doctorate_41-50_F,4639.316842105263,D
Less than $40K_Blue_Doctorate_41-50_M,4486.6,D
Less than $40K_Blue_Doctorate_51-60_F,4552.571875,D
Less than $40K_Blue_Doctorate_51-60_M,2667.65,D
Less than $40K_Blue_Doctorate_60 üzeri_F,4618.75,D
Less than $40K_Blue_Doctorate_60 üzeri_M,9612.4,D
Less than $40K_Blue_Graduate_30 ve altı_F,4572.092000000001,D
Less than $40K_Blue_Graduate_30 ve altı_M,3973.1440000000002,D
Less than $40K_Blue_Graduate_31-40_F,4037.503598971722,D
Less than $40K_Blue_Graduate_31-40_M,5340.752941176471,D
Less than $40K_Blue_Graduate_41-50_F,4456.179435028248,D
Less than $40K_Blue_Graduate_41-50_M,4729.3393939393945,D
Less than $40K_Blue_Graduate_51-60_F,4112.010256410256,D
Less than $40K_Blue_Graduate_51-60_M,4325.066666666667,D
Less than $40K_Blue_Graduate_60 üzeri_F,3880.2731707317075,D
Less than $40K_Blue_Graduate_60 üzeri_M,5443.779545454545,D
Less than $40K_Blue_High School_30 ve altı_F,5251.490476190476,D
Less than $40K_Blue_High School_30 ve altı_M,4698.727272727273,D
Less than $40K_Blue_High School_31-40_F,4673.951149425287,D
Less than $40K_Blue_High School_31-40_M,7998.777777777777,D
Less than $40K_Blue_High School_41-50_F,4777.056764705882,D
Less than $40K_Blue_High School_41-50_M,4852.529411764706,D
Less than $40K_Blue_High School_51-60_F,4067.9551111111114,D
Less than $40K_Blue_High School_51-60_M,3508.46,D
Less than $40K_Blue_High School_60 üzeri_F,5026.074285714286,D
Less than $40K_Blue_High School_60 üzeri_M,4643.941666666667,D
Less than $40K_Blue_Post-Graduate_30 ve altı_F,2765.4777777777776,D
Less than $40K_Blue_Post-Graduate_30 ve altı_M,6863.0,D
Less than $40K_Blue_Post-Graduate_31-40_F,4180.056097560975,D
Less than $40K_Blue_Post-Graduate_31-40_M,2995.0,D
Less than $40K_Blue_Post-Graduate_41-50_F,5101.941489361702,D
Less than $40K_Blue_Post-Graduate_41-50_M,3710.0,D
Less than $40K_Blue_Post-Graduate_51-60_F,3929.36875,D
Less than $40K_Blue_Post-Graduate_51-60_M,8631.953698034955,D
Less than $40K_Blue_Post-Graduate_60 üzeri_F,2714.4333333333334,D
Less than $40K_Blue_Post-Graduate_60 üzeri_M,7936.15,D
Less than $40K_Blue_Uneducated_30 ve altı_F,5161.68125,D
Less than $40K_Blue_Uneducated_30 ve altı_M,7709.8,D
Less than $40K_Blue_Uneducated_31-40_F,4216.149645390071,D
Less than $40K_Blue_Uneducated_31-40_M,3975.7166666666667,D
Less than $40K_Blue_Uneducated_41-50_F,4547.441836734693,D
Less than $40K_Blue_Uneducated_41-50_M,7092.727272727273,D
Less than $40K_Blue_Uneducated_51-60_F,4272.600617283951,D
Less than $40K_Blue_Uneducated_51-60_M,2744.75,D
Less than $40K_Blue_Uneducated_60 üzeri_F,7508.25,D
Less than $40K_Blue_Uneducated_60 üzeri_M,5753.5,D
Less than $40K_Gold_College_30 ve altı_F,8631.953698034955,D
Less than $40K_Gold_College_30 ve altı_M,8631.953698034955,D
Less than $40K_Gold_College_31-40_F,34516.0,A
Less than $40K_Gold_College_31-40_M,8631.953698034955,D
Less than $40K_Gold_College_41-50_F,8631.953698034955,D
Less than $40K_Gold_College_41-50_M,8631.953698034955,D
Less than $40K_Gold_College_51-60_F,15987.0,C
Less than $40K_Gold_College_51-60_M,8631.953698034955,D
Less than $40K_Gold_College_60 üzeri_F,8631.953698034955,D
Less than $40K_Gold_College_60 üzeri_M,8631.953698034955,D
Less than $40K_Gold_Doctorate_30 ve altı_F,8631.953698034955,D
Less than $40K_Gold_Doctorate_30 ve altı_M,8631.953698034955,D
Less than $40K_Gold_Doctorate_31-40_F,15987.0,C
Less than $40K_Gold_Doctorate_31-40_M,8631.953698034955,D
Less than $40K_Gold_Doctorate_41-50_F,15575.5,C
Less than $40K_Gold_Doctorate_41-50_M,8631.953698034955,D
Less than $40K_Gold_Doctorate_51-60_F,8631.953698034955,D
Less than $40K_Gold_Doctorate_51-60_M,8631.953698034955,D
Less than $40K_Gold_Doctorate_60 üzeri_F,8631.953698034955,D
Less than $40K_Gold_Doctorate_60 üzeri_M,8631.953698034955,D
Less than $40K_Gold_Graduate_30 ve altı_F,8631.953698034955,D
Less than $40K_Gold_Graduate_30 ve altı_M,8631.953698034955,D
Less than $40K_Gold_Graduate_31-40_F,15862.0,C
Less than $40K_Gold_Graduate_31-40_M,15261.0,C
Less than $40K_Gold_Graduate_41-50_F,19798.555555555555,B
Less than $40K_Gold_Graduate_41-50_M,8631.953698034955,D
Less than $40K_Gold_Graduate_51-60_F,20992.5,B
Less than $40K_Gold_Graduate_51-60_M,15987.0,C
Less than $40K_Gold_Graduate_60 üzeri_F,15987.0,C
Less than $40K_Gold_Graduate_60 üzeri_M,8631.953698034955,D
Less than $40K_Gold_High School_30 ve altı_F,8631.953698034955,D
Less than $40K_Gold_High School_30 ve altı_M,8631.953698034955,D
Less than $40K_Gold_High School_31-40_F,15534.0,C
Less than $40K_Gold_High School_31-40_M,8631.953698034955,D
Less than $40K_Gold_High School_41-50_F,20376.25,B
Less than $40K_Gold_High School_41-50_M,8631.953698034955,D
Less than $40K_Gold_High School_51-60_F,34516.0,A
Less than $40K_Gold_High School_51-60_M,8631.953698034955,D
Less than $40K_Gold_High School_60 üzeri_F,8631.953698034955,D
Less than $40K_Gold_High School_60 üzeri_M,8631.953698034955,D
Less than $40K_Gold_Post-Graduate_30 ve altı_F,34516.0,A
Less than $40K_Gold_Post-Graduate_30 ve altı_M,8631.953698034955,D
Less than $40K_Gold_Post-Graduate_31-40_F,8631.953698034955,D
Less than $40K_Gold_Post-Graduate_31-40_M,8631.953698034955,D
Less than $40K_Gold_Post-Graduate_41-50_F,8631.953698034955,D
Less than $40K_Gold_Post-Graduate_41-50_M,8631.953698034955,D
Less than $40K_Gold_Post-Graduate_51-60_F,8631.953698034955,D
Less than $40K_Gold_Post-Graduate_51-60_M,8631.953698034955,D
Less than $40K_Gold_Post-Graduate_60 üzeri_F,8631.953698034955,D
Less than $40K_Gold_Post-Graduate_60 üzeri_M,8631.953698034955,D
Less than $40K_Gold_Uneducated_30 ve altı_F,8631.953698034955,D
Less than $40K_Gold_Uneducated_30 ve altı_M,8631.953698034955,D
Less than $40K_Gold_Uneducated_31-40_F,8631.953698034955,D
Less than $40K_Gold_Uneducated_31-40_M,8631.953698034955,D
Less than $40K_Gold_Uneducated_41-50_F,15987.0,C
Less than $40K_Gold_Uneducated_41-50_M,8631.953698034955,D
Less than $40K_Gold_Uneducated_51-60_F,8631.953698034955,D
Less than $40K_Gold_Uneducated_51-60_M,8631.953698034955,D
Less than $40K_Gold_Uneducated_60 üzeri_F,8631.953698034955,D
Less than $40K_Gold_Uneducated_60 üzeri_M,8631.953698034955,D
Less than $40K_Platinum_College_30 ve altı_F,8631.953698034955,D
Less than $40K_Platinum_College_30 ve altı_M,8631.953698034955,D
Less than $40K_Platinum_College_31-40_F,8631.953698034955,D
Less than $40K_Platinum_College_31-40_M,8631.953698034955,D
Less than $40K_Platinum_College_41-50_F,8631.953698034955,D
Less than $40K_Platinum_College_41-50_M,8631.953698034955,D
Less than $40K_Platinum_College_51-60_F,8631.953698034955,D
Less than $40K_Platinum_College_51-60_M,8631.953698034955,D
Less than $40K_Platinum_College_60 üzeri_F,8631.953698034955,D
Less than $40K_Platinum_College_60 üzeri_M,8631.953698034955,D
Less than $40K_Platinum_Doctorate_30 ve altı_F,8631.953698034955,D
Less than $40K_Platinum_Doctorate_30 ve altı_M,8631.953698034955,D
Less than $40K_Platinum_Doctorate_31-40_F,8631.953698034955,D
Less than $40K_Platinum_Doctorate_31-40_M,8631.953698034955,D
Less than $40K_Platinum_Doctorate_41-50_F,8631.953698034955,D
Less than $40K_Platinum_Doctorate_41-50_M,8631.953698034955,D
Less than $40K_Platinum_Doctorate_51-60_F,15987.0,C
Less than $40K_Platinum_Doctorate_51-60_M,8631.953698034955,D
Less than $40K_Platinum_Doctorate_60 üzeri_F,8631.953698034955,D
Less than $40K_Platinum_Doctorate_60 üzeri_M,8631.953698034955,D
Less than $40K_Platinum_Graduate_30 ve altı_F,8631.953698034955,D
Less than $40K_Platinum_Graduate_30 ve altı_M,8631.953698034955,D
Less than $40K_Platinum_Graduate_31-40_F,15987.0,C
Less than $40K_Platinum_Graduate_31-40_M,8631.953698034955,D
Less than $40K_Platinum_Graduate_41-50_F,15987.0,C
Less than $40K_Platinum_Graduate_41-50_M,8631.953698034955,D
Less than $40K_Platinum_Graduate_51-60_F,34516.0,A
Less than $40K_Platinum_Graduate_51-60_M,8631.953698034955,D
Less than $40K_Platinum_Graduate_60 üzeri_F,8631.953698034955,D
Less than $40K_Platinum_Graduate_60 üzeri_M,8631.953698034955,D
Less than $40K_Platinum_High School_30 ve altı_F,8631.953698034955,D
Less than $40K_Platinum_High School_30 ve altı_M,8631.953698034955,D
Less than $40K_Platinum_High School_31-40_F,8631.953698034955,D
Less than $40K_Platinum_High School_31-40_M,8631.953698034955,D
Less than $40K_Platinum_High School_41-50_F,15987.0,C
Less than $40K_Platinum_High School_41-50_M,8631.953698034955,D
Less than $40K_Platinum_High School_51-60_F,8631.953698034955,D
Less than $40K_Platinum_High School_51-60_M,8631.953698034955,D
Less than $40K_Platinum_High School_60 üzeri_F,8631.953698034955,D
Less than $40K_Platinum_High School_60 üzeri_M,8631.953698034955,D
Less than $40K_Platinum_Post-Graduate_30 ve altı_F,8631.953698034955,D
Less than $40K_Platinum_Post-Graduate_30 ve altı_M,8631.953698034955,D
Less than $40K_Platinum_Post-Graduate_31-40_F,8631.953698034955,D
Less than $40K_Platinum_Post-Graduate_31-40_M,8631.953698034955,D
Less than $40K_Platinum_Post-Graduate_41-50_F,8631.953698034955,D
Less than $40K_Platinum_Post-Graduate_41-50_M,8631.953698034955,D
Less than $40K_Platinum_Post-Graduate_51-60_F,34516.0,A
Less than $40K_Platinum_Post-Graduate_51-60_M,8631.953698034955,D
Less than $40K_Platinum_Post-Graduate_60 üzeri_F,8631.953698034955,D
Less than $40K_Platinum_Post-Graduate_60 üzeri_M,8631.953698034955,D
Less than $40K_Platinum_Uneducated_30 ve altı_F,8631.953698034955,D
Less than $40K_Platinum_Uneducated_30 ve altı_M,8631.953698034955,D
Less than $40K_Platinum_Uneducated_31-40_F,8631.953698034955,D
Less than $40K_Platinum_Uneducated_31-40_M,8631.953698034955,D
Less than $40K_Platinum_Uneducated_41-50_F,8631.953698034955,D
Less than $40K_Platinum_Uneducated_41-50_M,8631.953698034955,D
Less than $40K_Platinum_Uneducated_51-60_F,34516.0,A
Less than $40K_Platinum_Uneducated_51-60_M,8631.953698034955,D
Less than $40K_Platinum_Uneducated_60 üzeri_F,8631.953698034955,D
Less than $40K_Platinum_Uneducated_60 üzeri_M,8631.953698034955,D
Less than $40K_Silver_College_30 ve altı_F,8631.953698034955,D
Less than $40K_Silver_College_30 ve altı_M,8631.953698034955,D
Less than $40K_Silver_College_31-40_F,17753.5,C
Less than $40K_Silver_College_31-40_M,8631.953698034955,D
Less than $40K_Silver_College_41-50_F,18601.0,B
Less than $40K_Silver_College_41-50_M,8631.953698034955,D
Less than $40K_Silver_College_51-60_F,17655.25,C
Less than $40K_Silver_College_51-60_M,8631.953698034955,D
Less than $40K_Silver_College_60 üzeri_F,10885.0,C
Less than $40K_Silver_College_60 üzeri_M,12155.0,C
Less than $40K_Silver_Doctorate_30 ve altı_F,8631.953698034955,D
Less than $40K_Silver_Doctorate_30 ve altı_M,8631.953698034955,D
Less than $40K_Silver_Doctorate_31-40_F,34516.0,A
Less than $40K_Silver_Doctorate_31-40_M,8631.953698034955,D
Less than $40K_Silver_Doctorate_41-50_F,24393.2,B
Less than $40K_Silver_Doctorate_41-50_M,8631.953698034955,D
Less than $40K_Silver_Doctorate_51-60_F,22687.0,B
Less than $40K_Silver_Doctorate_51-60_M,8631.953698034955,D
Less than $40K_Silver_Doctorate_60 üzeri_F,8631.953698034955,D
Less than $40K_Silver_Doctorate_60 üzeri_M,8631.953698034955,D
Less than $40K_Silver_Graduate_30 ve altı_F,23467.0,B
Less than $40K_Silver_Graduate_30 ve altı_M,11034.666666666666,C
Less than $40K_Silver_Graduate_31-40_F,22002.0625,B
Less than $40K_Silver_Graduate_31-40_M,11849.5,C
Less than $40K_Silver_Graduate_41-50_F,18632.375,B
Less than $40K_Silver_Graduate_41-50_M,13281.0,C
Less than $40K_Silver_Graduate_51-60_F,18406.733333333334,B
Less than $40K_Silver_Graduate_51-60_M,14002.0,C
Less than $40K_Silver_Graduate_60 üzeri_F,30310.0,A
Less than $40K_Silver_Graduate_60 üzeri_M,8631.953698034955,D
Less than $40K_Silver_High School_30 ve altı_F,8631.953698034955,D
Less than $40K_Silver_High School_30 ve altı_M,8631.953698034955,D
Less than $40K_Silver_High School_31-40_F,15917.285714285714,C
Less than $40K_Silver_High School_31-40_M,8631.953698034955,D
Less than $40K_Silver_High School_41-50_F,20419.57894736842,B
Less than $40K_Silver_High School_41-50_M,24548.5,B
Less than $40K_Silver_High School_51-60_F,11382.0,C
Less than $40K_Silver_High School_51-60_M,13399.0,C
Less than $40K_Silver_High School_60 üzeri_F,33371.0,A
Less than $40K_Silver_High School_60 üzeri_M,12609.0,C
Less than $40K_Silver_Post-Graduate_30 ve altı_F,8631.953698034955,D
Less than $40K_Silver_Post-Graduate_30 ve altı_M,8631.953698034955,D
Less than $40K_Silver_Post-Graduate_31-40_F,10836.0,C
Less than $40K_Silver_Post-Graduate_31-40_M,12359.0,C
Less than $40K_Silver_Post-Graduate_41-50_F,11642.666666666666,C
Less than $40K_Silver_Post-Graduate_41-50_M,33184.0,A
Less than $40K_Silver_Post-Graduate_51-60_F,11696.0,C
Less than $40K_Silver_Post-Graduate_51-60_M,8631.953698034955,D
Less than $40K_Silver_Post-Graduate_60 üzeri_F,8631.953698034955,D
Less than $40K_Silver_Post-Graduate_60 üzeri_M,8631.953698034955,D
Less than $40K_Silver_Uneducated_30 ve altı_F,19430.333333333332,B
Less than $40K_Silver_Uneducated_30 ve altı_M,8631.953698034955,D
Less than $40K_Silver_Uneducated_31-40_F,21957.85714285714,B
Less than $40K_Silver_Uneducated_31-40_M,11568.0,C
Less than $40K_Silver_Uneducated_41-50_F,16662.733333333334,C
Less than $40K_Silver_Uneducated_41-50_M,12685.0,C
Less than $40K_Silver_Uneducated_51-60_F,12592.25,C
Less than $40K_Silver_Uneducated_51-60_M,8631.953698034955,D
Less than $40K_Silver_Uneducated_60 üzeri_F,11843.5,C
Less than $40K_Silver_Uneducated_60 üzeri_M,8631.953698034955,D
